{
  "propertyPage": {
    "controls": [
      {
        "type": "label",
        "expression": "'Properties of ' + $value('objectName') + ' invoice'"
      },
      {
        "type": "separator"
      },
      {
        "type": "date",
        "label": "Issue date",
        "property": "issueDate"
      },
      {
        "type": "date",
        "label": "Service date",
        "property": "serviceDate"
      },
      {
        "type": "columns",
        "controls": [
          {
            "type": "combo",
            "label": "Seller",
            "property": "seller",
            "typeName": "Customer"
          },
          {
            "type": "combo",
            "label": "Buyer",
            "property": "buyer",
            "typeName": "Customer"
          }
        ]
      },
      {
        "type": "table",
        "label": "Positions",
        "property": "positions",
        "controls": [
          {
            "type": "text",
            "label": "Name",
            "property": "objectName"
          },
          {
            "type": "text",
            "label": "Quantity",
            "property": "quantity"
          },
          {
            "type": "combo",
            "label": "Unit",
            "property": "unit",
            "dictionary": "Unit",
            "sortByLabel": true
          },
          {
            "type": "money",
            "currency": "PLN",
            "label": "Unit price",
            "property": "unitPrice"
          },
          {
            "type": "text",
            "label": "Discount",
            "property": "discount"
          },
          {
            "type": "combo",
            "label": "VAT Rate",
            "dictionary": "VatRate",
            "property": "vatRate"
          }
        ]
      },
      {
        "type": "group",
        "name": "Payment",
        "controls": [
          {
            "type": "columns",
            "controls": [
              {
                "type": "combo",
                "label": "Method",
                "property": "payment.method",
                "sortByLabel": true
              },
              {
                "type": "number",
                "label": "Deadline (days)",
                "property": "payment.deadline"
              }
            ]
          },
          {
            "type": "columns",
            "controls": [
              {
                "type": "money",
                "label": "Paid amount",
                "currency": "PLN",
                "property": "payment.paidAmount"
              },
              {
                "type": "date",
                "label": "Paid amount date",
                "property": "payment.paidAmountDate",
                "conditions": {
                  "visibility": {
                    "payment.paidAmount": {
                      "$gt": 0
                    }
                  }
                }
              }
            ]
          },
          {
            "type": "combo",
            "label": "Bank account",
            "property": "payment.bankAccount",
            "typeName": "Bank account",
            "conditions": {
              "visibility": {
                "payment.method": {
                  "$ne": "CASH"
                }
              }
            }
          }
        ]
      },
      {
        "type": "textarea",
        "label": "Comments",
        "property": "comments"
      },
      {
        "type": "text",
        "label": "Creation date",
        "property": "creationDate"
      },
      {
        "type": "text",
        "label": "Modification date",
        "property": "modificationDate"
      }
    ]
  }
}