{
	"dictionary": {
		"name": "VatRate",
		"description": "VAT Rate",
		"values": [
			{
				"key": "VAT_23",
				"label": "23%",
				"columns": {
					"rate": "0.23"
				}
			},
			{
				"key": "VAT_08",
				"label": "8%",
				"columns": {
					"rate": "0.08"
				}
			},
			{
				"key": "VAT_05",
				"label": "5%",
				"columns": {
					"rate": "0.05"
				}
			},
			{
				"key": "VAT_00",
				"label": "0%",
				"columns": {
					"rate": "0.00"
				}
			}
		]
	}
}